{
  "cold_start": {
    "p50": 3248.0,
    "p75": 4446.0,
    "p90": 7963.200000000001,
    "p95": 9135.599999999999,
    "p99": 10073.52,
    "mean": 4851.8,
    "std": 2773.2584733486347,
    "min": 3064.0,
    "max": 10308.0,
    "pct_under_3s": 0.0,
    "pct_under_5s": 80.0
  },
  "warm_start": {
    "p50": 3326.5,
    "p75": 4313.75,
    "p90": 4841.7,
    "p95": 4932.349999999999,
    "p99": 5047.96,
    "mean": 3700.7,
    "std": 697.129550370661,
    "min": 2904.0,
    "max": 5070.0,
    "pct_under_3s": 10.0,
    "pct_under_5s": 96.66666666666667
  },
  "concurrent": {
    "p50": 6128.0,
    "p75": 6196.5,
    "p90": 6355.6,
    "p95": 6376.299999999999,
    "p99": 6392.860000000001,
    "mean": 5863.8,
    "std": 657.7441447857974,
    "min": 4066.0,
    "max": 6397.0,
    "pct_under_3s": 0.0,
    "pct_under_5s": 10.0,
    "wall_time_ms": 6400
  }
}