{
  "cold_start": {
    "p50": 2289.0,
    "p75": 2295.0,
    "p90": 3264.6000000000004,
    "p95": 3587.7999999999997,
    "p99": 3846.36,
    "mean": 2570.0,
    "std": 672.8090368001905,
    "min": 2143.0,
    "max": 3911.0,
    "pct_under_3s": 80.0,
    "pct_under_5s": 100.0
  },
  "warm_start": {
    "p50": 2212.0,
    "p75": 2262.25,
    "p90": 2290.8,
    "p95": 2317.25,
    "p99": 2362.11,
    "mean": 2217.1,
    "std": 63.594732486268065,
    "min": 2091.0,
    "max": 2374.0,
    "pct_under_3s": 100.0,
    "pct_under_5s": 100.0
  },
  "concurrent": {
    "p50": 4345.0,
    "p75": 4446.5,
    "p90": 4532.8,
    "p95": 4536.4,
    "p99": 4539.28,
    "mean": 4310.6,
    "std": 205.50143551810046,
    "min": 3815.0,
    "max": 4540.0,
    "pct_under_3s": 0.0,
    "pct_under_5s": 100.0,
    "wall_time_ms": 4567
  }
}